{
  "name": "ZeroG",
  "version": "01.04.05.00",
  "force_update": "1",
  "description": "ZeroG configurations",
  "machine_model_list": [
    {
      "name": "ZeroG M1.1 Hydra 255",
      "sub_path": "machine/ZeroG M1.1 Hydra 255.json"
    },
    {
      "name": "ZeroG M1.1 Hydra 275",
      "sub_path": "machine/ZeroG M1.1 Hydra 275.json"
    },
    {
      "name": "ZeroG M1.1 Hydra 370",
      "sub_path": "machine/ZeroG M1.1 Hydra 370.json"
    },
    {
      "name": "ZeroG M1.1 Hydra 400",
      "sub_path": "machine/ZeroG M1.1 Hydra 400.json"
    },
    {
      "name": "ZeroG Mercury One.1 235",
      "sub_path": "machine/ZeroG Mercury One.1 235.json"
    },
    {
      "name": "ZeroG Mercury One.1 370",
      "sub_path": "machine/ZeroG Mercury One.1 370.json"
    }
  ],
  "process_list": [
    {
      "name": "fdm_process_common",
      "sub_path": "process/fdm_process_common.json"
    },
    {
      "name": "fdm_process_ZeroG_common",
      "sub_path": "process/fdm_process_ZeroG_common.json"
    },
    {
      "name": "fdm_process_ZeroG_common_0_2",
      "sub_path": "process/fdm_process_ZeroG_common_0_2.json"
    },
    {
      "name": "fdm_process_ZeroG_common_0_3",
      "sub_path": "process/fdm_process_ZeroG_common_0_3.json"
    },
    {
      "name": "fdm_process_ZeroG_common_0_5",
      "sub_path": "process/fdm_process_ZeroG_common_0_5.json"
    },
    {
      "name": "fdm_process_ZeroG_common_0_6",
      "sub_path": "process/fdm_process_ZeroG_common_0_6.json"
    },
    {
      "name": "fdm_process_ZeroG_common_0_8",
      "sub_path": "process/fdm_process_ZeroG_common_0_8.json"
    },
    {
      "name": "fdm_process_ZeroG_common_0_25",
      "sub_path": "process/fdm_process_ZeroG_common_0_25.json"
    },
    {
      "name": "fdm_process_ZeroG_common_1_0",
      "sub_path": "process/fdm_process_ZeroG_common_1_0.json"
    },
    {
      "name": "0.08mm SuperDetail (0.2 nozzle) @ZeroG",
      "sub_path": "process/0.08mm SuperDetail (0.2 nozzle) @ZeroG.json"
    },
    {
      "name": "0.08mm SuperDetail (0.3 nozzle) @ZeroG",
      "sub_path": "process/0.08mm SuperDetail (0.3 nozzle) @ZeroG.json"
    },
    {
      "name": "0.08mm SuperDetail (0.25 nozzle) @ZeroG",
      "sub_path": "process/0.08mm SuperDetail (0.25 nozzle) @ZeroG.json"
    },
    {
      "name": "0.10mm HighDetail (0.2 nozzle) @ZeroG",
      "sub_path": "process/0.10mm HighDetail (0.2 nozzle) @ZeroG.json"
    },
    {
      "name": "0.10mm HighDetail (0.3 nozzle) @ZeroG",
      "sub_path": "process/0.10mm HighDetail (0.3 nozzle) @ZeroG.json"
    },
    {
      "name": "0.10mm HighDetail (0.25 nozzle) @ZeroG",
      "sub_path": "process/0.10mm HighDetail (0.25 nozzle) @ZeroG.json"
    },
    {
      "name": "0.12mm Detail (0.2 nozzle) @ZeroG",
      "sub_path": "process/0.12mm Detail (0.2 nozzle) @ZeroG.json"
    },
    {
      "name": "0.12mm Detail (0.3 nozzle) @ZeroG",
      "sub_path": "process/0.12mm Detail (0.3 nozzle) @ZeroG.json"
    },
    {
      "name": "0.12mm Detail (0.4 nozzle) @ZeroG",
      "sub_path": "process/0.12mm Detail (0.4 nozzle) @ZeroG.json"
    },
    {
      "name": "0.12mm Detail (0.5 nozzle) @ZeroG",
      "sub_path": "process/0.12mm Detail (0.5 nozzle) @ZeroG.json"
    },
    {
      "name": "0.12mm Detail (0.25 nozzle) @ZeroG",
      "sub_path": "process/0.12mm Detail (0.25 nozzle) @ZeroG.json"
    },
    {
      "name": "0.16mm Optimal (0.2 nozzle) @ZeroG",
      "sub_path": "process/0.16mm Optimal (0.2 nozzle) @ZeroG.json"
    },
    {
      "name": "0.16mm Optimal (0.3 nozzle) @ZeroG",
      "sub_path": "process/0.16mm Optimal (0.3 nozzle) @ZeroG.json"
    },
    {
      "name": "0.16mm Optimal (0.4 nozzle) @ZeroG",
      "sub_path": "process/0.16mm Optimal (0.4 nozzle) @ZeroG.json"
    },
    {
      "name": "0.16mm Optimal (0.5 nozzle) @ZeroG",
      "sub_path": "process/0.16mm Optimal (0.5 nozzle) @ZeroG.json"
    },
    {
      "name": "0.16mm Optimal (0.6 nozzle) @ZeroG",
      "sub_path": "process/0.16mm Optimal (0.6 nozzle) @ZeroG.json"
    },
    {
      "name": "0.16mm Optimal (0.25 nozzle) @ZeroG",
      "sub_path": "process/0.16mm Optimal (0.25 nozzle) @ZeroG.json"
    },
    {
      "name": "0.20mm Speed (0.4 nozzle) @ZeroG",
      "sub_path": "process/0.20mm Speed (0.4 nozzle) @ZeroG.json"
    },
    {
      "name": "0.20mm Standard (0.3 nozzle) @ZeroG",
      "sub_path": "process/0.20mm Standard (0.3 nozzle) @ZeroG.json"
    },
    {
      "name": "0.20mm Standard (0.4 nozzle) @ZeroG",
      "sub_path": "process/0.20mm Standard (0.4 nozzle) @ZeroG.json"
    },
    {
      "name": "0.20mm Standard (0.5 nozzle) @ZeroG",
      "sub_path": "process/0.20mm Standard (0.5 nozzle) @ZeroG.json"
    },
    {
      "name": "0.20mm Standard (0.6 nozzle) @ZeroG",
      "sub_path": "process/0.20mm Standard (0.6 nozzle) @ZeroG.json"
    },
    {
      "name": "0.20mm Standard (0.8 nozzle) @ZeroG",
      "sub_path": "process/0.20mm Standard (0.8 nozzle) @ZeroG.json"
    },
    {
      "name": "0.20mm Standard (0.25 nozzle) @ZeroG",
      "sub_path": "process/0.20mm Standard (0.25 nozzle) @ZeroG.json"
    },
    {
      "name": "0.20mm ZeroG Parts (0.4 nozzle) @ZeroG",
      "sub_path": "process/0.20mm ZeroG Parts (0.4 nozzle) @ZeroG.json"
    },
    {
      "name": "0.24mm Draft (0.3 nozzle) @ZeroG",
      "sub_path": "process/0.24mm Draft (0.3 nozzle) @ZeroG.json"
    },
    {
      "name": "0.24mm Draft (0.4 nozzle) @ZeroG",
      "sub_path": "process/0.24mm Draft (0.4 nozzle) @ZeroG.json"
    },
    {
      "name": "0.24mm Draft (0.5 nozzle) @ZeroG",
      "sub_path": "process/0.24mm Draft (0.5 nozzle) @ZeroG.json"
    },
    {
      "name": "0.24mm Draft (0.6 nozzle) @ZeroG",
      "sub_path": "process/0.24mm Draft (0.6 nozzle) @ZeroG.json"
    },
    {
      "name": "0.24mm Draft (0.8 nozzle) @ZeroG",
      "sub_path": "process/0.24mm Draft (0.8 nozzle) @ZeroG.json"
    },
    {
      "name": "0.28mm SuperDraft (0.5 nozzle) @ZeroG",
      "sub_path": "process/0.28mm SuperDraft (0.5 nozzle) @ZeroG.json"
    },
    {
      "name": "0.28mm SuperDraft (0.6 nozzle) @ZeroG",
      "sub_path": "process/0.28mm SuperDraft (0.6 nozzle) @ZeroG.json"
    },
    {
      "name": "0.28mm SuperDraft (0.8 nozzle) @ZeroG",
      "sub_path": "process/0.28mm SuperDraft (0.8 nozzle) @ZeroG.json"
    },
    {
      "name": "0.28mm SuperDraft (1.0 nozzle) @ZeroG",
      "sub_path": "process/0.28mm SuperDraft (1.0 nozzle) @ZeroG.json"
    },
    {
      "name": "0.36mm Chunky (0.5 nozzle) @ZeroG",
      "sub_path": "process/0.36mm Chunky (0.5 nozzle) @ZeroG.json"
    },
    {
      "name": "0.36mm Chunky (0.6 nozzle) @ZeroG",
      "sub_path": "process/0.36mm Chunky (0.6 nozzle) @ZeroG.json"
    },
    {
      "name": "0.36mm Chunky (0.8 nozzle) @ZeroG",
      "sub_path": "process/0.36mm Chunky (0.8 nozzle) @ZeroG.json"
    },
    {
      "name": "0.36mm Chunky (1.0 nozzle) @ZeroG",
      "sub_path": "process/0.36mm Chunky (1.0 nozzle) @ZeroG.json"
    },
    {
      "name": "0.48mm Chunky (0.6 nozzle) @ZeroG",
      "sub_path": "process/0.48mm Chunky (0.6 nozzle) @ZeroG.json"
    },
    {
      "name": "0.48mm Chunky (0.8 nozzle) @ZeroG",
      "sub_path": "process/0.48mm Chunky (0.8 nozzle) @ZeroG.json"
    },
    {
      "name": "0.48mm Chunky (1.0 nozzle) @ZeroG",
      "sub_path": "process/0.48mm Chunky (1.0 nozzle) @ZeroG.json"
    }
  ],
  "filament_list": [
    {
      "name": "fdm_filament_common",
      "sub_path": "filament/fdm_filament_common.json"
    },
    {
      "name": "fdm_filament_pla",
      "sub_path": "filament/fdm_filament_pla.json"
    },
    {
      "name": "fdm_filament_tpu",
      "sub_path": "filament/fdm_filament_tpu.json"
    },
    {
      "name": "fdm_filament_pet",
      "sub_path": "filament/fdm_filament_pet.json"
    },
    {
      "name": "fdm_filament_abs",
      "sub_path": "filament/fdm_filament_abs.json"
    },
    {
      "name": "fdm_filament_pc",
      "sub_path": "filament/fdm_filament_pc.json"
    },
    {
      "name": "fdm_filament_asa",
      "sub_path": "filament/fdm_filament_asa.json"
    },
    {
      "name": "fdm_filament_pva",
      "sub_path": "filament/fdm_filament_pva.json"
    },
    {
      "name": "fdm_filament_pa",
      "sub_path": "filament/fdm_filament_pa.json"
    },
    {
      "name": "ZeroG Generic PLA",
      "sub_path": "filament/ZeroG Generic PLA.json"
    },
    {
      "name": "ZeroG Generic PLA-CF",
      "sub_path": "filament/ZeroG Generic PLA-CF.json"
    },
    {
      "name": "ZeroG Generic PETG",
      "sub_path": "filament/ZeroG Generic PETG.json"
    },
    {
      "name": "ZeroG Generic ABS",
      "sub_path": "filament/ZeroG Generic ABS.json"
    },
    {
      "name": "ZeroG Generic TPU",
      "sub_path": "filament/ZeroG Generic TPU.json"
    },
    {
      "name": "ZeroG Generic ASA",
      "sub_path": "filament/ZeroG Generic ASA.json"
    },
    {
      "name": "ZeroG Generic PC",
      "sub_path": "filament/ZeroG Generic PC.json"
    },
    {
      "name": "ZeroG Generic PVA",
      "sub_path": "filament/ZeroG Generic PVA.json"
    },
    {
      "name": "ZeroG Generic PA",
      "sub_path": "filament/ZeroG Generic PA.json"
    },
    {
      "name": "ZeroG Generic PA-CF",
      "sub_path": "filament/ZeroG Generic PA-CF.json"
    }
  ],
  "machine_list": [
    {
      "name": "fdm_machine_common",
      "sub_path": "machine/fdm_machine_common.json"
    },
    {
      "name": "fdm_zerog_common",
      "sub_path": "machine/fdm_zerog_common.json"
    },
    {
      "name": "ZeroG_M1.1_Hydra_255_common",
      "sub_path": "machine/ZeroG_M1.1_Hydra_255_common.json"
    },
    {
      "name": "ZeroG M1.1 Hydra 255 (0.2 nozzle)",
      "sub_path":"machine/ZeroG M1.1 Hydra 255 (0.2 nozzle).json"
    },
    {
      "name": "ZeroG M1.1 Hydra 255 (0.25 nozzle)",
      "sub_path":"machine/ZeroG M1.1 Hydra 255 (0.25 nozzle).json"
    },
    {
      "name": "ZeroG M1.1 Hydra 255 (0.3 nozzle)",
      "sub_path":"machine/ZeroG M1.1 Hydra 255 (0.3 nozzle).json"
    },
    {
      "name": "ZeroG M1.1 Hydra 255 (0.4 nozzle)",
      "sub_path": "machine/ZeroG M1.1 Hydra 255 (0.4 nozzle).json"
    },
    {
      "name": "ZeroG M1.1 Hydra 255 (0.5 nozzle)",
      "sub_path": "machine/ZeroG M1.1 Hydra 255 (0.5 nozzle).json"
    },
    {
      "name": "ZeroG M1.1 Hydra 255 (0.6 nozzle)",
      "sub_path": "machine/ZeroG M1.1 Hydra 255 (0.6 nozzle).json"
    },
    {
      "name": "ZeroG M1.1 Hydra 255 (0.8 nozzle)",
      "sub_path": "machine/ZeroG M1.1 Hydra 255 (0.8 nozzle).json"
    },
    {
      "name": "ZeroG M1.1 Hydra 255 (1.0 nozzle)",
      "sub_path":"machine/ZeroG M1.1 Hydra 255 (1.0 nozzle).json"
    },
    {
      "name": "ZeroG_M1.1_Hydra_275_common",
      "sub_path": "machine/ZeroG_M1.1_Hydra_275_common.json"
    },
    {
      "name": "ZeroG M1.1 Hydra 275 (0.2 nozzle)",
      "sub_path":"machine/ZeroG M1.1 Hydra 275 (0.2 nozzle).json"
    },
    {
      "name": "ZeroG M1.1 Hydra 275 (0.25 nozzle)",
      "sub_path":"machine/ZeroG M1.1 Hydra 275 (0.25 nozzle).json"
    },
    {
      "name": "ZeroG M1.1 Hydra 275 (0.3 nozzle)",
      "sub_path":"machine/ZeroG M1.1 Hydra 275 (0.3 nozzle).json"
    },
    {
      "name": "ZeroG M1.1 Hydra 275 (0.4 nozzle)",
      "sub_path": "machine/ZeroG M1.1 Hydra 275 (0.4 nozzle).json"
    },
    {
      "name": "ZeroG M1.1 Hydra 275 (0.5 nozzle)",
      "sub_path": "machine/ZeroG M1.1 Hydra 275 (0.5 nozzle).json"
    },
    {
      "name": "ZeroG M1.1 Hydra 275 (0.6 nozzle)",
      "sub_path": "machine/ZeroG M1.1 Hydra 275 (0.6 nozzle).json"
    },
    {
      "name": "ZeroG M1.1 Hydra 275 (0.8 nozzle)",
      "sub_path": "machine/ZeroG M1.1 Hydra 275 (0.8 nozzle).json"
    },
    {
      "name": "ZeroG M1.1 Hydra 275 (1.0 nozzle)",
      "sub_path":"machine/ZeroG M1.1 Hydra 275 (1.0 nozzle).json"
    },
    {
      "name": "ZeroG_M1.1_Hydra_370_common",
      "sub_path": "machine/ZeroG_M1.1_Hydra_370_common.json"
    },
    {
      "name": "ZeroG M1.1 Hydra 370 (0.2 nozzle)",
      "sub_path":"machine/ZeroG M1.1 Hydra 370 (0.2 nozzle).json"
    },
    {
      "name": "ZeroG M1.1 Hydra 370 (0.25 nozzle)",
      "sub_path":"machine/ZeroG M1.1 Hydra 370 (0.25 nozzle).json"
    },
    {
      "name": "ZeroG M1.1 Hydra 370 (0.3 nozzle)",
      "sub_path":"machine/ZeroG M1.1 Hydra 370 (0.3 nozzle).json"
    },
    {
      "name": "ZeroG M1.1 Hydra 370 (0.4 nozzle)",
      "sub_path": "machine/ZeroG M1.1 Hydra 370 (0.4 nozzle).json"
    },
    {
      "name": "ZeroG M1.1 Hydra 370 (0.5 nozzle)",
      "sub_path": "machine/ZeroG M1.1 Hydra 370 (0.5 nozzle).json"
    },
    {
      "name": "ZeroG M1.1 Hydra 370 (0.6 nozzle)",
      "sub_path": "machine/ZeroG M1.1 Hydra 370 (0.6 nozzle).json"
    },
    {
      "name": "ZeroG M1.1 Hydra 370 (0.8 nozzle)",
      "sub_path": "machine/ZeroG M1.1 Hydra 370 (0.8 nozzle).json"
    },
    {
      "name": "ZeroG M1.1 Hydra 370 (1.0 nozzle)",
      "sub_path":"machine/ZeroG M1.1 Hydra 370 (1.0 nozzle).json"
    },
    {
      "name": "ZeroG_M1.1_Hydra_400_common",
      "sub_path": "machine/ZeroG_M1.1_Hydra_400_common.json"
    },
    {
      "name": "ZeroG M1.1 Hydra 400 (0.2 nozzle)",
      "sub_path":"machine/ZeroG M1.1 Hydra 400 (0.2 nozzle).json"
    },
    {
      "name": "ZeroG M1.1 Hydra 400 (0.25 nozzle)",
      "sub_path":"machine/ZeroG M1.1 Hydra 400 (0.25 nozzle).json"
    },
    {
      "name": "ZeroG M1.1 Hydra 400 (0.3 nozzle)",
      "sub_path":"machine/ZeroG M1.1 Hydra 400 (0.3 nozzle).json"
    },
    {
      "name": "ZeroG M1.1 Hydra 400 (0.4 nozzle)",
      "sub_path": "machine/ZeroG M1.1 Hydra 400 (0.4 nozzle).json"
    },
    {
      "name": "ZeroG M1.1 Hydra 400 (0.5 nozzle)",
      "sub_path": "machine/ZeroG M1.1 Hydra 400 (0.5 nozzle).json"
    },
    {
      "name": "ZeroG M1.1 Hydra 400 (0.6 nozzle)",
      "sub_path": "machine/ZeroG M1.1 Hydra 400 (0.6 nozzle).json"
    },
    {
      "name": "ZeroG M1.1 Hydra 400 (0.8 nozzle)",
      "sub_path": "machine/ZeroG M1.1 Hydra 400 (0.8 nozzle).json"
    },
    {
      "name": "ZeroG M1.1 Hydra 400 (1.0 nozzle)",
      "sub_path":"machine/ZeroG M1.1 Hydra 400 (1.0 nozzle).json"
    },
    {
      "name": "ZeroG_M1.1_235_common",
      "sub_path": "machine/ZeroG_M1.1_235_common.json"
    },
    {
      "name": "ZeroG Mercury One.1 235 (0.2 nozzle)",
      "sub_path":"machine/ZeroG Mercury One.1 235 (0.2 nozzle).json"
    },
    {
      "name": "ZeroG Mercury One.1 235 (0.25 nozzle)",
      "sub_path":"machine/ZeroG Mercury One.1 235 (0.25 nozzle).json"
    },
    {
      "name": "ZeroG Mercury One.1 235 (0.3 nozzle)",
      "sub_path":"machine/ZeroG Mercury One.1 235 (0.3 nozzle).json"
    },
    {
      "name": "ZeroG Mercury One.1 235 (0.4 nozzle)",
      "sub_path": "machine/ZeroG Mercury One.1 235 (0.4 nozzle).json"
    },
    {
      "name": "ZeroG Mercury One.1 235 (0.5 nozzle)",
      "sub_path": "machine/ZeroG Mercury One.1 235 (0.5 nozzle).json"
    },
    {
      "name": "ZeroG Mercury One.1 235 (0.6 nozzle)",
      "sub_path": "machine/ZeroG Mercury One.1 235 (0.6 nozzle).json"
    },
    {
      "name": "ZeroG Mercury One.1 235 (0.8 nozzle)",
      "sub_path": "machine/ZeroG Mercury One.1 235 (0.8 nozzle).json"
    },
    {
      "name": "ZeroG Mercury One.1 235 (1.0 nozzle)",
      "sub_path":"machine/ZeroG Mercury One.1 235 (1.0 nozzle).json"
    },
    {
      "name": "ZeroG_M1.1_370_common",
      "sub_path": "machine/ZeroG_M1.1_370_common.json"
    },
    {
      "name": "ZeroG Mercury One.1 370 (0.2 nozzle)",
      "sub_path":"machine/ZeroG Mercury One.1 370 (0.2 nozzle).json"
    },
    {
      "name": "ZeroG Mercury One.1 370 (0.25 nozzle)",
      "sub_path":"machine/ZeroG Mercury One.1 370 (0.25 nozzle).json"
    },
    {
      "name": "ZeroG Mercury One.1 370 (0.3 nozzle)",
      "sub_path":"machine/ZeroG Mercury One.1 370 (0.3 nozzle).json"
    },
    {
      "name": "ZeroG Mercury One.1 370 (0.4 nozzle)",
      "sub_path": "machine/ZeroG Mercury One.1 370 (0.4 nozzle).json"
    },
    {
      "name": "ZeroG Mercury One.1 370 (0.5 nozzle)",
      "sub_path": "machine/ZeroG Mercury One.1 370 (0.5 nozzle).json"
    },
    {
      "name": "ZeroG Mercury One.1 370 (0.6 nozzle)",
      "sub_path": "machine/ZeroG Mercury One.1 370 (0.6 nozzle).json"
    },
    {
      "name": "ZeroG Mercury One.1 370 (0.8 nozzle)",
      "sub_path": "machine/ZeroG Mercury One.1 370 (0.8 nozzle).json"
    },
    {
      "name": "ZeroG Mercury One.1 370 (1.0 nozzle)",
      "sub_path":"machine/ZeroG Mercury One.1 370 (1.0 nozzle).json"
    }
  ]
}
