{
  "type": "machine",
  "name": "fdm_zerog_common",
  "from": "system",
  "instantiation": "false",
  "inherits": "fdm_machine_common",
  "gcode_flavor": "klipper",
  "machine_max_acceleration_e": [
    "5000",
    "5000"
  ],
  "machine_max_acceleration_extruding": [
    "9000",
    "9000"
  ],
  "machine_max_acceleration_retracting": [
    "9000",
    "9000"
  ],
  "machine_max_acceleration_travel": [
    "9000",
    "9000"
  ],
  "machine_max_acceleration_x": [
    "9000",
    "9000"
  ],
  "machine_max_acceleration_y": [
    "9000",
    "9000"
  ],
  "machine_max_acceleration_z": [
    "100",
    "100"
  ],
  "machine_max_speed_e": [
    "60",
    "60"
  ],
  "machine_max_speed_x": [
    "500",
    "200"
  ],
  "machine_max_speed_y": [
    "500",
    "200"
  ],
  "machine_max_speed_z": [
    "12",
    "12"
  ],
  "machine_max_jerk_e": [
    "5",
    "5"
  ],
  "machine_max_jerk_x": [
    "7",
    "7"
  ],
  "machine_max_jerk_y": [
    "7",
    "7"
  ],
  "machine_max_jerk_z": [
    "0.4",
    "0.4"
  ],
  "machine_min_extruding_rate": [
    "0",
    "0"
  ],
  "machine_min_travel_rate": [
    "0",
    "0"
  ],
  "max_layer_height": [
    "0.32"
  ],
  "min_layer_height": [
    "0.08"
  ],
  "printable_height": "500",
  "extruder_clearance_radius": "45",
  "extruder_clearance_height_to_rod": "25",
  "extruder_clearance_height_to_lid": "140",
  "printer_settings_id": "",
  "printer_technology": "FFF",
  "printer_variant": "0.4",
  "retraction_minimum_travel": [
    "1"
  ],
  "retract_before_wipe": [
    "70%"
  ],
  "retract_when_changing_layer": [
    "1"
  ],
  "retraction_length": [
    "1.0"
  ],
  "retract_length_toolchange": [
    "2"
  ],
  "z_hop": [
    "0.4"
  ],
  "retract_restart_extra": [
    "0"
  ],
  "retract_restart_extra_toolchange": [
    "0"
  ],
  "retraction_speed": [
    "40"
  ],
  "deretraction_speed": [
    "30"
  ],
  "z_lift_type": "NormalLift",
  "silent_mode": "0",
  "single_extruder_multi_material": "1",
  "change_filament_gcode": "M600",
  "machine_pause_gcode": "M601",
  "wipe": [
    "1"
  ],
  "default_filament_profile": [
    "ZeroG Generic PLA"
  ],
  "default_print_profile": "0.20mm Standard @ZeroG",
  "bed_exclude_area": [
    "0x0"
  ],
  "machine_start_gcode": "START_PRINT EXTRUDER_TEMP=[nozzle_temperature_initial_layer] BED_TEMP=[bed_temperature_initial_layer_single]",
  "machine_end_gcode": "END_PRINT",
  "layer_change_gcode": ";AFTER_LAYER_CHANGE\n;[layer_z]",
  "before_layer_change_gcode": ";BEFORE_LAYER_CHANGE\n;[layer_z]\nG92 E0\n",
  "scan_first_layer": "0",
  "nozzle_type": "undefine",
  "auxiliary_fan": "0",
  "support_multi_bed_types": "1"
}
