{
  "type": "machine_model",
  "name": "ZeroG M1.1 Hydra 370",
  "model_id": "M11Hydra-370",
  "nozzle_diameter": "0.2;0.25;0.3;0.4;0.5;0.6;0.8;1.0",
  "machine_tech": "FFF",
  "family": "ZeroG_M11Hydra",
  "bed_model": "ZeroG-M1.1Hydra-370.stl",
  "bed_texture": "ZeroG_Logo.png",
  "hotend_model": "hotend.stl",
  "default_materials": "ZeroG Generic ABS;ZeroG Generic PLA;ZeroG Generic PLA-CF;ZeroG Generic PETG;ZeroG Generic TPU;ZeroG Generic ASA;ZeroG Generic PC;ZeroG Generic PVA;ZeroG Generic PA;ZeroG Generic PA-CF"
}
