{
    "type": "filament",
    "filament_id": "GFN99",
    "setting_id": "GFSA04",
    "name": "ZeroG Generic PA",
    "from": "system",
    "instantiation": "true",
    "inherits": "fdm_filament_pa",
    "nozzle_temperature_initial_layer": [
        "270"
    ],
    "nozzle_temperature": [
        "270"
    ],
    "hot_plate_temp" : [
        "80"
    ],
    "hot_plate_temp_initial_layer" : [
        "80"
    ],
	"enable_pressure_advance": [
        "1"
    ],
	"pressure_advance": [
        "0.045"
    ],
    "filament_density": [
        "1.24"
    ],
    "nozzle_temperature_range_high": [
        "280"
    ],
    "overhang_fan_speed": [
        "50"
    ],
    "compatible_printers": [
      "ZeroG M1.1 Hydra 255 (0.2 nozzle)",
    "ZeroG M1.1 Hydra 255 (0.25 nozzle)",
    "ZeroG M1.1 Hydra 255 (0.3 nozzle)",
    "ZeroG M1.1 Hydra 255 (0.4 nozzle)",
    "ZeroG M1.1 Hydra 255 (0.5 nozzle)",
    "ZeroG M1.1 Hydra 255 (0.6 nozzle)",
    "ZeroG M1.1 Hydra 255 (0.8 nozzle)",
    "ZeroG M1.1 Hydra 255 (1.0 nozzle)",
    "ZeroG M1.1 Hydra 275 (0.2 nozzle)",
    "ZeroG M1.1 Hydra 275 (0.25 nozzle)",
    "ZeroG M1.1 Hydra 275 (0.3 nozzle)",
    "ZeroG M1.1 Hydra 275 (0.4 nozzle)",
    "ZeroG M1.1 Hydra 275 (0.5 nozzle)",
    "ZeroG M1.1 Hydra 275 (0.6 nozzle)",
    "ZeroG M1.1 Hydra 275 (0.8 nozzle)",
    "ZeroG M1.1 Hydra 275 (1.0 nozzle)",
    "ZeroG M1.1 Hydra 370 (0.2 nozzle)",
    "ZeroG M1.1 Hydra 370 (0.25 nozzle)",
    "ZeroG M1.1 Hydra 370 (0.3 nozzle)",
    "ZeroG M1.1 Hydra 370 (0.4 nozzle)",
    "ZeroG M1.1 Hydra 370 (0.5 nozzle)",
    "ZeroG M1.1 Hydra 370 (0.6 nozzle)",
    "ZeroG M1.1 Hydra 370 (0.8 nozzle)",
    "ZeroG M1.1 Hydra 370 (1.0 nozzle)",
    "ZeroG M1.1 Hydra 400 (0.2 nozzle)",
    "ZeroG M1.1 Hydra 400 (0.25 nozzle)",
    "ZeroG M1.1 Hydra 400 (0.3 nozzle)",
    "ZeroG M1.1 Hydra 400 (0.4 nozzle)",
    "ZeroG M1.1 Hydra 400 (0.5 nozzle)",
    "ZeroG M1.1 Hydra 400 (0.6 nozzle)",
    "ZeroG M1.1 Hydra 400 (0.8 nozzle)",
    "ZeroG M1.1 Hydra 400 (1.0 nozzle)",
    "ZeroG Mercury One.1 235 (0.2 nozzle)",
    "ZeroG Mercury One.1 235 (0.25 nozzle)",
    "ZeroG Mercury One.1 235 (0.3 nozzle)",
    "ZeroG Mercury One.1 235 (0.4 nozzle)",
    "ZeroG Mercury One.1 235 (0.5 nozzle)",
    "ZeroG Mercury One.1 235 (0.6 nozzle)",
    "ZeroG Mercury One.1 235 (0.8 nozzle)",
    "ZeroG Mercury One.1 235 (1.0 nozzle)",
    "ZeroG Mercury One.1 370 (0.2 nozzle)",
    "ZeroG Mercury One.1 370 (0.25 nozzle)",
    "ZeroG Mercury One.1 370 (0.3 nozzle)",
    "ZeroG Mercury One.1 370 (0.4 nozzle)",
    "ZeroG Mercury One.1 370 (0.5 nozzle)",
    "ZeroG Mercury One.1 370 (0.6 nozzle)",
    "ZeroG Mercury One.1 370 (0.8 nozzle)",
    "ZeroG Mercury One.1 370 (1.0 nozzle)"
    ]
}
