{
  "type": "process",
  "setting_id": "GP018",
  "name": "0.20mm Speed (0.4 nozzle) @ZeroG",
  "from": "system",
  "instantiation": "true",
  "inherits": "fdm_process_ZeroG_common",
  "accel_to_decel_enable": "1",
  "bottom_shell_layers": "5",
  "bottom_surface_pattern": "zig-zag",
  "bridge_acceleration": "5000",
  "bridge_flow": "1",
  "bridge_speed": "25",
  "default_acceleration": "10000",
  "default_jerk": "0",
  "initial_layer_acceleration": "3000",
  "initial_layer_infill_speed": "140",
  "initial_layer_jerk": "9",
  "initial_layer_print_height": "0.20",
  "initial_layer_speed": "100",
  "inner_wall_acceleration": "6500",
  "inner_wall_jerk": "9",
  "inner_wall_speed": "200",
  "layer_height": "0.20",
  "outer_wall_jerk": "9",
  "outer_wall_speed": "180",
  "overhang_1_4_speed": "0",
  "overhang_2_4_speed": "0",
  "overhang_3_4_speed": "0",
  "overhang_4_4_speed": "0",
  "overhang_speed_classic": "0",
  "precise_outer_wall": "1",
  "reduce_crossing_wall": "1",
  "seam_gap": "0",
  "small_perimeter_speed": "50%",
  "small_perimeter_threshold": "0",
  "sparse_infill_speed": "300",
  "support_interface_speed": "80",
  "support_speed": "90",
  "top_shell_layers": "4",
  "top_surface_acceleration": "3000",
  "top_surface_jerk": "9",
  "top_surface_speed": "120",
  "travel_acceleration": "10000",
  "travel_jerk": "12",
  "travel_speed": "600",
  "travel_speed_z": "0",
  "compatible_printers": [
    "ZeroG M1.1 Hydra 255 (0.4 nozzle)",
    "ZeroG M1.1 Hydra 275 (0.4 nozzle)",
    "ZeroG M1.1 Hydra 370 (0.4 nozzle)",
    "ZeroG M1.1 Hydra 400 (0.4 nozzle)",
    "ZeroG Mercury One.1 235 (0.4 nozzle)",
    "ZeroG Mercury One.1 370 (0.4 nozzle)"
  ]
}
