{
  "type": "process",
  "name": "fdm_process_ZeroG_common_1_0",
  "from": "system",
  "instantiation": "false",
  "inherits": "fdm_process_ZeroG_common",
  "bridge_acceleration": "50%",
  "bridge_flow": "0.95",
  "bridge_speed": "25",
  "default_acceleration": "10000",
  "default_jerk": "9",
  "enable_overhang_speed": "1",
  "gap_infill_speed": "30",
  "infill_jerk": "12",
  "initial_layer_acceleration": "2500",
  "initial_layer_infill_speed": "70",
  "initial_layer_jerk": "9",
  "initial_layer_line_width": "1.05",
  "initial_layer_speed": "20",
  "initial_layer_travel_speed": "100%",
  "inner_wall_acceleration": "3500",
  "inner_wall_jerk": "7",
  "inner_wall_line_width": "1.10",
  "inner_wall_speed": "40",
  "internal_bridge_flow": "1.0",
  "internal_bridge_speed": "150%",
  "internal_solid_infill_acceleration": "100%",
  "internal_solid_infill_line_width": "1.10",
  "internal_solid_infill_speed": "40",
  "line_width": "1.10",
  "outer_wall_acceleration": "2500",
  "outer_wall_jerk": "7",
  "outer_wall_line_width": "1.05",
  "outer_wall_speed": "120",
  "small_area_infill_flow_compensation": "0",
  "small_area_infill_flow_compensation_model": [
      "0,0",
      "\n0.2,0.4444",
      "\n0.4,0.6145",
      "\n0.6,0.7059",
      "\n0.8,0.7619",
      "\n1.5,0.8571",
      "\n10,1",
      "\n2,0.8889",
      "\n3,0.9231",
      "\n5,0.9520"
  ],
  "small_perimeter_speed": "50%",
  "sparse_infill_acceleration": "100%",
  "sparse_infill_line_width": "1.10",
  "sparse_infill_speed": "50",
  "support_line_width": "0.9",
  "top_solid_infill_flow_ratio": "1.0",
  "top_surface_acceleration": "2500",
  "top_surface_jerk": "7",
  "top_surface_line_width": "1.0",
  "top_surface_speed": "30",
  "travel_acceleration": "6000",
  "travel_jerk": "12",
  "travel_speed": "400",
  "wall_loops": "1",
  "wipe_speed": "80%",
  "compatible_printers": [
    "ZeroG M1.1 Hydra 255 (1.0 nozzle)",
    "ZeroG M1.1 Hydra 275 (1.0 nozzle)",
    "ZeroG M1.1 Hydra 370 (1.0 nozzle)",
    "ZeroG M1.1 Hydra 400 (1.0 nozzle)",
    "ZeroG Mercury One.1 235 (1.0 nozzle)",
    "ZeroG Mercury One.1 370 (1.0 nozzle)"
  ]
}