{
  "type": "process",
  "name": "fdm_process_common",
  "from": "system",
  "instantiation": "false",
  "accel_to_decel_enable": "0",
  "accel_to_decel_factor": "50%",
  "adaptive_layer_height": "0",
  "bottom_shell_layers": "4",
  "bottom_shell_thickness": "1",
  "bottom_solid_infill_flow_ratio": "1.0",
  "bottom_surface_pattern": "rectilinear",
  "bridge_acceleration": "50%",
  "bridge_angle": "0",
  "bridge_density": "100%",
  "bridge_flow": "0.95",
  "bridge_no_support": "0",
  "bridge_speed": "25",
  "brim_width": "5",
  "counterbore_hole_bridging": "partiallybridge",
  "default_acceleration": "10000",
  "default_jerk": "1",
  "detect_narrow_internal_solid_infill": "0",
  "detect_overhang_wall": "0",
  "detect_thin_wall": "0",
  "dont_filter_internal_bridges": "limited",
  "elefant_foot_compensation": "0.1",
  "elefant_foot_compensation_layers": "1",
  "enable_arc_fitting": "1",
  "enable_overhang_speed": "1",
  "enable_prime_tower": "0",
  "enable_support": "0",
  "ensure_vertical_shell_thickness": "all",
  "exclude_object": "1",
  "extra_perimeters_on_overhangs": "0",
  "filename_format": "{input_filename_base}_{layer_height}mm_{filament_type[0]}_{print_time}.gcode",
  "filter_out_gap_fill": "0",
  "fuzzy_skin": "none",
  "fuzzy_skin_first_layer": "0",
  "fuzzy_skin_point_distance": "0.8",
  "fuzzy_skin_thickness": "0.3",
  "gap_fill_target": "nowhere",
  "gap_infill_speed": "30",
  "gcode_comments": "1",
  "gcode_label_objects": "1",
  "hole_to_polyhole": "0",
  "hole_to_polyhole_threshold": "0.01",
  "hole_to_polyhole_twisted": "0",
  "independent_support_layer_height": "0",
  "infill_anchor": "400%",
  "infill_anchor_max": "20",
  "infill_combination": "0",
  "infill_direction": "45",
  "infill_jerk": "9",
  "infill_wall_overlap": "25%",
  "initial_layer_acceleration": "2500",
  "initial_layer_infill_speed": "70",
  "initial_layer_jerk": "9",
  "initial_layer_line_width": "0.42",
  "initial_layer_min_bead_width": "85%",
  "initial_layer_print_height": "0.2",
  "initial_layer_speed": "20",
  "initial_layer_travel_speed": "100%",
  "inner_wall_acceleration": "3500",
  "inner_wall_jerk": "9",
  "inner_wall_line_width": "0.45",
  "inner_wall_speed": "40",
  "interface_shells": "0",
  "internal_bridge_flow": "1.0",
  "internal_bridge_speed": "150%",
  "internal_solid_infill_acceleration": "100%",
  "internal_solid_infill_line_width": "0.45",
  "internal_solid_infill_pattern": "zig-zag",
  "internal_solid_infill_speed": "40",
  "ironing_angle": "0",
  "ironing_flow": "10%",
  "ironing_pattern": "concentric",
  "ironing_spacing": "0.1",
  "ironing_speed": "20",
  "ironing_type": "none",
  "is_custom_defined": "0",
  "is_infill_first": "0",
  "layer_height": "0.20",
  "line_width": "0.45",
  "make_overhang_printable": "0",
  "make_overhang_printable_angle": "55",
  "make_overhang_printable_hole_size": "0",
  "max_bridge_length": "10",
  "min_bead_width": "85%",
  "min_feature_size": "25%",
  "min_length_factor": "0.5",
  "min_width_top_surface": "300%",
  "minimum_sparse_infill_area": "0",
  "mmu_segmented_region_interlocking_depth": "0",
  "notes": "",
  "only_one_wall_first_layer": "0",
  "only_one_wall_top": "0",
  "outer_wall_acceleration": "2500",
  "outer_wall_jerk": "10",
  "outer_wall_line_width": "0.4",
  "outer_wall_speed": "120",
  "post_process": [],
  "precise_outer_wall": "0",
  "precise_z_height": "0",
  "prime_tower_width": "60",
  "print_order": "as_obj_list",
  "print_sequence": "by layer",
  "print_settings_id": "",
  "raft_contact_distance": "0.1",
  "raft_layers": "0",
  "reduce_crossing_wall": "0",
  "reduce_infill_retraction": "0",
  "resolution": "0.01",
  "role_based_wipe_speed": "0",
  "scarf_angle_threshold": "155",
  "scarf_joint_speed": "100%",
  "scarf_overhang_threshold": "40%",
  "seam_gap": "0",
  "seam_position": "nearest",
  "seam_slope_conditional": "0",
  "seam_slope_entire_loop": "0",
  "seam_slope_inner_walls": "0",
  "seam_slope_start_height": "0.1",
  "seam_slope_steps": "10",
  "seam_slope_type": "external",
  "skirt_distance": "2",
  "skirt_height": "2",
  "slice_closing_radius": "0.05",
  "slicing_mode": "even_odd",
  "slow_down_layers": "1",
  "small_area_infill_flow_compensation": "0",
  "small_area_infill_flow_compensation_model": [
      "0,0",
      "\n0.2,0.4444",
      "\n0.4,0.6145",
      "\n0.6,0.7059",
      "\n0.8,0.7619",
      "\n1.5,0.8571",
      "\n10,1",
      "\n2,0.8889",
      "\n3,0.9231",
      "\n5,0.9520"
  ],
  "small_perimeter_speed": "50%",
  "small_perimeter_threshold": "0",
  "solid_infill_direction": "45",
  "sparse_infill_acceleration": "100%",
  "sparse_infill_density": "15%",
  "sparse_infill_line_width": "0.45",
  "sparse_infill_pattern": "cubic",
  "sparse_infill_speed": "50",
  "spiral_mode": "0",
  "staggered_inner_seams": "0",
  "standby_temperature_delta": "-5",
  "support_angle": "0",
  "support_base_pattern": "rectilinear",
  "support_base_pattern_spacing": "2",
  "support_bottom_interface_spacing": "0.6",
  "support_bottom_z_distance": "0.1",
  "support_critical_regions_only": "1",
  "support_expansion": "1",
  "support_filament": "0",
  "support_interface_bottom_layers": "1",
  "support_interface_filament": "0",
  "support_interface_loop_pattern": "0",
  "support_interface_pattern": "concentric",
  "support_interface_spacing": "0",
  "support_interface_speed": "80",
  "support_interface_top_layers": "2",
  "support_line_width": "0.42",
  "support_object_xy_distance": "0.5",
  "support_on_build_plate_only": "0",
  "support_remove_small_overhang": "0",
  "support_speed": "40",
  "support_style": "tree_hybrid",
  "support_threshold_angle": "40",
  "support_top_z_distance": "0.15",
  "support_type": "tree(auto)",
  "thick_bridges": "1",
  "thick_internal_bridges": "0",
  "top_bottom_infill_wall_overlap": "25%",
  "top_shell_layers": "4",
  "top_shell_thickness": "0.6",
  "top_solid_infill_flow_ratio": "1.0",
  "top_surface_acceleration": "2500",
  "top_surface_jerk": "10",
  "top_surface_line_width": "0.4",
  "top_surface_pattern": "rectilinear",
  "top_surface_speed": "30",
  "travel_acceleration": "6000",
  "travel_jerk": "12",
  "travel_speed": "400",
  "tree_support_adaptive_layer_height": "0",
  "tree_support_auto_brim": "0",
  "tree_support_branch_angle": "41",
  "tree_support_branch_diameter": "5",
  "tree_support_branch_distance": "5",
  "tree_support_brim_width": "3.1",
  "tree_support_wall_count": "2",
  "version": "1.4.5.1",
  "wall_direction": "ccw",
  "wall_distribution_count": "2",
  "wall_generator": "arachne",
  "wall_loops": "4",
  "wall_sequence": "outer wall/inner wall",
  "wall_transition_angle": "11",
  "wall_transition_filter_deviation": "25%",
  "wall_transition_length": "100%",
  "wipe_before_external_loop": "1",
  "wipe_on_loops": "0",
  "wipe_speed": "80%",
  "xy_contour_compensation": "0",
  "xy_hole_compensation": "0"
}
